images/aerosol_cans/aerosol_cans_5.jpg 0 1
images/aerosol_cans/aerosol_cans_251.jpg 0 1
images/aerosol_cans/aerosol_cans_292.jpg 0 1
images/aerosol_cans/aerosol_cans_120.jpg 0 1
images/aluminum_food_cans/aluminum_food_cans_284.jpg 1 1
images/aluminum_food_cans/aluminum_food_cans_105.jpg 1 1
images/aluminum_food_cans/aluminum_food_cans_405.jpg 1 1
images/aluminum_food_cans/aluminum_food_cans_28.jpg 1 1
images/aluminum_soda_cans/aluminum_soda_cans_414.jpg 2 1
images/aluminum_soda_cans/aluminum_soda_cans_124.jpg 2 1
images/aluminum_soda_cans/aluminum_soda_cans_408.jpg 2 1
images/aluminum_soda_cans/aluminum_soda_cans_132.jpg 2 1
images/cardboard_boxes/cardboard_boxes_498.jpg 3 1
images/cardboard_boxes/cardboard_boxes_295.jpg 3 1
images/cardboard_boxes/cardboard_boxes_202.jpg 3 1
images/cardboard_boxes/cardboard_boxes_94.jpg 3 1
images/cardboard_packaging/cardboard_packaging_75.jpg 4 1
images/cardboard_packaging/cardboard_packaging_143.jpg 4 1
images/cardboard_packaging/cardboard_packaging_216.jpg 4 1
images/cardboard_packaging/cardboard_packaging_274.jpg 4 1
images/clothing/clothing_479.jpg 5 1
images/clothing/clothing_197.jpg 5 1
images/clothing/clothing_358.jpg 5 1
images/clothing/clothing_242.jpg 5 1
images/coffee_grounds/coffee_grounds_448.jpg 6 1
images/coffee_grounds/coffee_grounds_476.jpg 6 1
images/coffee_grounds/coffee_grounds_471.jpg 6 1
images/coffee_grounds/coffee_grounds_46.jpg 6 1
images/disposable_plastic_cutlery/disposable_plastic_cutlery_154.jpg 7 1
images/disposable_plastic_cutlery/disposable_plastic_cutlery_119.jpg 7 1
images/disposable_plastic_cutlery/disposable_plastic_cutlery_133.jpg 7 1
images/disposable_plastic_cutlery/disposable_plastic_cutlery_20.jpg 7 1
images/eggshells/eggshells_361.jpg 8 1
images/eggshells/eggshells_193.jpg 8 1
images/eggshells/eggshells_312.jpg 8 1
images/eggshells/eggshells_286.jpg 8 1
images/food_waste/food_waste_333.jpg 9 1
images/food_waste/food_waste_381.jpg 9 1
images/food_waste/food_waste_419.jpg 9 1
images/food_waste/food_waste_365.jpg 9 1
images/glass_beverage_bottles/glass_beverage_bottles_170.jpg 10 1
images/glass_beverage_bottles/glass_beverage_bottles_452.jpg 10 1
images/glass_beverage_bottles/glass_beverage_bottles_152.jpg 10 1
images/glass_beverage_bottles/glass_beverage_bottles_161.jpg 10 1
images/glass_cosmetic_containers/glass_cosmetic_containers_472.jpg 11 1
images/glass_cosmetic_containers/glass_cosmetic_containers_194.jpg 11 1
images/glass_cosmetic_containers/glass_cosmetic_containers_485.jpg 11 1
images/glass_cosmetic_containers/glass_cosmetic_containers_316.jpg 11 1
images/glass_food_jars/glass_food_jars_261.jpg 12 1
images/glass_food_jars/glass_food_jars_30.jpg 12 1
images/glass_food_jars/glass_food_jars_50.jpg 12 1
images/glass_food_jars/glass_food_jars_349.jpg 12 1
images/magazines/magazines_173.jpg 13 1
images/magazines/magazines_463.jpg 13 1
images/magazines/magazines_8.jpg 13 1
images/magazines/magazines_208.jpg 13 1
images/newspaper/newspaper_8.jpg 14 1
images/newspaper/newspaper_411.jpg 14 1
images/newspaper/newspaper_64.jpg 14 1
images/newspaper/newspaper_323.jpg 14 1
images/office_paper/office_paper_79.jpg 15 1
images/office_paper/office_paper_389.jpg 15 1
images/office_paper/office_paper_391.jpg 15 1
images/office_paper/office_paper_448.jpg 15 1
images/paper_cups/paper_cups_249.jpg 16 1
images/paper_cups/paper_cups_123.jpg 16 1
images/paper_cups/paper_cups_391.jpg 16 1
images/paper_cups/paper_cups_496.jpg 16 1
images/plastic_cup_lids/plastic_cup_lids_477.jpg 17 1
images/plastic_cup_lids/plastic_cup_lids_310.jpg 17 1
images/plastic_cup_lids/plastic_cup_lids_496.jpg 17 1
images/plastic_cup_lids/plastic_cup_lids_266.jpg 17 1
images/plastic_detergent_bottles/plastic_detergent_bottles_351.jpg 18 1
images/plastic_detergent_bottles/plastic_detergent_bottles_465.jpg 18 1
images/plastic_detergent_bottles/plastic_detergent_bottles_493.jpg 18 1
images/plastic_detergent_bottles/plastic_detergent_bottles_312.jpg 18 1
images/plastic_food_containers/plastic_food_containers_311.jpg 19 1
images/plastic_food_containers/plastic_food_containers_421.jpg 19 1
images/plastic_food_containers/plastic_food_containers_305.jpg 19 1
images/plastic_food_containers/plastic_food_containers_13.jpg 19 1
images/plastic_shopping_bags/plastic_shopping_bags_198.jpg 20 1
images/plastic_shopping_bags/plastic_shopping_bags_309.jpg 20 1
images/plastic_shopping_bags/plastic_shopping_bags_49.jpg 20 1
images/plastic_shopping_bags/plastic_shopping_bags_75.jpg 20 1
images/plastic_soda_bottles/plastic_soda_bottles_350.jpg 21 1
images/plastic_soda_bottles/plastic_soda_bottles_478.jpg 21 1
images/plastic_soda_bottles/plastic_soda_bottles_415.jpg 21 1
images/plastic_soda_bottles/plastic_soda_bottles_469.jpg 21 1
images/plastic_straws/plastic_straws_300.jpg 22 1
images/plastic_straws/plastic_straws_485.jpg 22 1
images/plastic_straws/plastic_straws_298.jpg 22 1
images/plastic_straws/plastic_straws_183.jpg 22 1
images/plastic_trash_bags/plastic_trash_bags_51.jpg 23 1
images/plastic_trash_bags/plastic_trash_bags_99.jpg 23 1
images/plastic_trash_bags/plastic_trash_bags_260.jpg 23 1
images/plastic_trash_bags/plastic_trash_bags_28.jpg 23 1
images/plastic_water_bottles/plastic_water_bottles_225.jpg 24 1
images/plastic_water_bottles/plastic_water_bottles_448.jpg 24 1
images/plastic_water_bottles/plastic_water_bottles_396.jpg 24 1
images/plastic_water_bottles/plastic_water_bottles_100.jpg 24 1
images/shoes/shoes_473.jpg 25 1
images/shoes/shoes_448.jpg 25 1
images/shoes/shoes_186.jpg 25 1
images/shoes/shoes_218.jpg 25 1
images/steel_food_cans/steel_food_cans_203.jpg 26 1
images/steel_food_cans/steel_food_cans_57.jpg 26 1
images/steel_food_cans/steel_food_cans_107.jpg 26 1
images/steel_food_cans/steel_food_cans_164.jpg 26 1
images/styrofoam_cups/styrofoam_cups_262.jpg 27 1
images/styrofoam_cups/styrofoam_cups_341.jpg 27 1
images/styrofoam_cups/styrofoam_cups_346.jpg 27 1
images/styrofoam_cups/styrofoam_cups_323.jpg 27 1
images/styrofoam_food_containers/styrofoam_food_containers_284.jpg 28 1
images/styrofoam_food_containers/styrofoam_food_containers_392.jpg 28 1
images/styrofoam_food_containers/styrofoam_food_containers_262.jpg 28 1
images/styrofoam_food_containers/styrofoam_food_containers_44.jpg 28 1
images/tea_bags/tea_bags_112.jpg 29 1
images/tea_bags/tea_bags_189.jpg 29 1
images/tea_bags/tea_bags_325.jpg 29 1
images/tea_bags/tea_bags_105.jpg 29 1
